Data Size,CPU Time (ms),Threaded CPU Time (ms),GPU Concept Time (ms),Threaded Speedup,GPU Concept Speedup
10000.0,7.641,7.317375,7.481208,1.0442269256393173,1.0213591174045689
50000.0,36.856624999999994,36.258667,35.015917,1.0164914501683142,1.0525677508317146
100000.0,80.252625,74.62041599999999,71.40425,1.07547812384214,1.1239194445708762
200000.0,142.2595,144.148375,168.300834,0.9868963143011499,0.8452691327720931
